mc_step,rho_C,rho_CD
0,0.506,0.4948
1,0.4228,0.41
2,0.444,0.3532
3,0.4116,0.3408
4,0.4416,0.3368
5,0.4052,0.3192
6,0.4496,0.3084
7,0.3928,0.2924
8,0.4568,0.292
9,0.3904,0.278
10,0.4512,0.2788
11,0.3824,0.2712
12,0.45,0.2664
13,0.3796,0.256
14,0.4544,0.2724
15,0.3748,0.2512
16,0.4596,0.2616
17,0.3692,0.2536
18,0.4592,0.2572
19,0.378,0.2524
20,0.4548,0.2568
21,0.376,0.2404
22,0.446,0.2488
23,0.3756,0.24
24,0.4532,0.252
25,0.3792,0.24
26,0.4544,0.2484
27,0.3868,0.2352
28,0.4496,0.2376
29,0.376,0.2336
30,0.4544,0.2472
31,0.378,0.2408
32,0.444,0.2448
33,0.3884,0.2364
34,0.4444,0.2476
35,0.3708,0.2372
36,0.4636,0.2484
37,0.3672,0.2404
38,0.4604,0.2456
39,0.3716,0.2376
40,0.4484,0.2384
41,0.3856,0.2392
42,0.4436,0.2392
43,0.3864,0.2368
44,0.4488,0.2396
45,0.384,0.2344
46,0.4496,0.2404
47,0.3836,0.2272
48,0.4476,0.2316
49,0.3796,0.2352
50,0.4512,0.2408
51,0.37,0.228
52,0.4652,0.2404
53,0.3704,0.2244
54,0.4548,0.2388
55,0.3756,0.2332
56,0.4484,0.2348
57,0.3748,0.2276
58,0.458,0.226
59,0.3696,0.2176
60,0.4544,0.2336
61,0.3724,0.2208
62,0.4636,0.2248
63,0.3656,0.2252
64,0.4648,0.2352
65,0.3624,0.22
66,0.4676,0.2328
67,0.3636,0.2284
68,0.4572,0.2452
69,0.3672,0.2208
70,0.4568,0.2244
71,0.3684,0.218
72,0.4528,0.228
73,0.3612,0.2132
74,0.4756,0.234
75,0.3604,0.2232
76,0.46,0.2368
77,0.3616,0.214
78,0.468,0.2368
79,0.3616,0.2144
80,0.4716,0.232
81,0.3524,0.2228
82,0.4676,0.2372
83,0.3528,0.2176
84,0.4788,0.234
85,0.3472,0.2088
86,0.4796,0.2324
87,0.3512,0.2176
88,0.478,0.2396
89,0.364,0.208
90,0.4708,0.2332
91,0.3604,0.212
92,0.4736,0.232
93,0.3556,0.2152
94,0.4656,0.2228
95,0.3608,0.2064
96,0.4724,0.222
97,0.3436,0.1992
98,0.4772,0.232
99,0.3556,0.204
100,0.468,0.2272
101,0.3508,0.214
102,0.47,0.2276
103,0.3584,0.2216
104,0.4636,0.2228
105,0.372,0.2208
106,0.4672,0.23
107,0.3648,0.2156
108,0.46,0.2328
109,0.3668,0.2264
110,0.4724,0.2344
111,0.3624,0.2196
112,0.4612,0.2248
113,0.3592,0.228
114,0.4612,0.2256
115,0.3608,0.2236
116,0.4576,0.236
117,0.372,0.2248
118,0.4484,0.2168
119,0.3812,0.22
120,0.4504,0.2096
121,0.372,0.2152
122,0.4616,0.2212
123,0.3768,0.2136
124,0.4672,0.2088
125,0.3668,0.2184
126,0.466,0.2196
127,0.3592,0.202
128,0.458,0.2092
129,0.3712,0.218
130,0.4664,0.2352
131,0.3712,0.2028
132,0.4592,0.218
133,0.374,0.2196
134,0.46,0.2276
135,0.3588,0.2124
136,0.4764,0.2216
137,0.3616,0.2048
138,0.4616,0.2028
139,0.3644,0.2156
140,0.4632,0.2196
141,0.3652,0.2092
142,0.4748,0.2244
143,0.3692,0.2072
144,0.48,0.216
145,0.3548,0.206
146,0.4788,0.2144
147,0.3612,0.2008
148,0.4696,0.2292
149,0.362,0.2144
150,0.4788,0.2272
151,0.3548,0.1996
152,0.4772,0.2168
153,0.3612,0.1952
154,0.4756,0.2172
155,0.3584,0.1944
156,0.4836,0.2248
157,0.354,0.1852
158,0.4788,0.2176
159,0.348,0.2028
160,0.4804,0.2284
161,0.35,0.2072
162,0.4752,0.228
163,0.362,0.1968
164,0.4712,0.2192
165,0.3668,0.2116
166,0.4724,0.208
167,0.36,0.2168
168,0.4596,0.2196
169,0.3788,0.212
170,0.4556,0.2172
171,0.3632,0.2124
172,0.466,0.2292
173,0.3688,0.2172
174,0.4572,0.2196
175,0.3748,0.2172
176,0.4536,0.222
177,0.37,0.206
178,0.4592,0.2252
179,0.3656,0.222
180,0.4632,0.2276
181,0.3708,0.222
182,0.46,0.226
183,0.3692,0.2076
184,0.4568,0.2228
185,0.3592,0.212
186,0.4664,0.2176
187,0.3588,0.21
188,0.4696,0.2256
189,0.3576,0.2076
190,0.474,0.2272
191,0.3552,0.1992
192,0.4812,0.218
193,0.3516,0.1884
194,0.4836,0.2124
195,0.3552,0.1996
196,0.48,0.2092
197,0.3568,0.1912
198,0.472,0.2124
199,0.3584,0.2152
200,0.4792,0.2236
201,0.3548,0.192
202,0.4724,0.2224
203,0.3588,0.2036
204,0.464,0.2128
205,0.3596,0.2024
206,0.4772,0.218
207,0.354,0.2116
208,0.4624,0.2108
209,0.3636,0.2028
210,0.4616,0.2168
211,0.364,0.2076
212,0.4832,0.216
213,0.3512,0.206
214,0.4776,0.2296
215,0.35,0.1964
216,0.4768,0.226
217,0.3512,0.1972
218,0.4732,0.23
219,0.3584,0.2184
220,0.474,0.24
221,0.3552,0.2128
222,0.4736,0.2312
223,0.356,0.2056
224,0.4716,0.2244
225,0.3568,0.2168
226,0.4704,0.2244
227,0.3568,0.2044
228,0.4776,0.2256
229,0.3584,0.2016
230,0.4744,0.2164
231,0.3628,0.21
232,0.466,0.222
233,0.3592,0.2008
234,0.474,0.2228
235,0.356,0.1968
236,0.474,0.2092
237,0.356,0.2028
238,0.4736,0.2212
239,0.3556,0.2036
240,0.4708,0.2236
241,0.3612,0.194
242,0.4844,0.216
243,0.3516,0.1968
244,0.4676,0.2196
245,0.3684,0.212
246,0.466,0.2324
247,0.3512,0.2172
248,0.48,0.24
249,0.3416,0.208
250,0.4808,0.2332
251,0.3428,0.2064
252,0.4808,0.238
253,0.3452,0.2028
254,0.4684,0.2312
255,0.3568,0.198
256,0.4712,0.2188
257,0.3552,0.2132
258,0.47,0.2192
259,0.346,0.1972
260,0.4908,0.2204
261,0.3376,0.2056
262,0.4868,0.2292
263,0.3564,0.2108
264,0.4612,0.2264
265,0.3632,0.2024
266,0.464,0.2064
267,0.3624,0.2056
268,0.4656,0.2104
269,0.37,0.2168
270,0.4604,0.212
271,0.374,0.2088
272,0.4564,0.208
273,0.3684,0.2176
274,0.4636,0.2212
275,0.3532,0.206
276,0.4744,0.2236
277,0.3532,0.2128
278,0.4772,0.2292
279,0.3512,0.2036
280,0.4716,0.2248
281,0.3584,0.2116
282,0.4724,0.2172
283,0.3508,0.2072
284,0.4728,0.2196
285,0.3584,0.2064
286,0.4756,0.2176
287,0.3496,0.1884
288,0.4832,0.2156
289,0.3508,0.2004
290,0.4852,0.2304
291,0.3508,0.194
292,0.4832,0.2228
293,0.358,0.198
294,0.4692,0.208
295,0.3516,0.2032
296,0.4788,0.2036
297,0.3576,0.2032
298,0.4732,0.2104
299,0.3612,0.1956
300,0.4856,0.2132
301,0.3452,0.1956
302,0.4764,0.2196
303,0.3576,0.2016
304,0.4804,0.2168
305,0.3536,0.2
306,0.4772,0.2268
307,0.3628,0.2004
308,0.4772,0.2176
309,0.3612,0.2044
310,0.4692,0.2224
311,0.3652,0.2052
312,0.4672,0.2244
313,0.3536,0.2152
314,0.4772,0.2328
315,0.352,0.2084
316,0.4728,0.2304
317,0.348,0.2032
318,0.4624,0.2252
319,0.3644,0.2164
320,0.4756,0.2284
321,0.3584,0.2076
322,0.4684,0.2308
323,0.3588,0.218
324,0.4612,0.2364
325,0.3624,0.2176
326,0.4692,0.2304
327,0.3596,0.2016
328,0.4684,0.2308
329,0.3592,0.2224
330,0.4744,0.2252
331,0.354,0.2048
332,0.4812,0.218
333,0.3552,0.206
334,0.4728,0.2128
335,0.37,0.2012
336,0.4652,0.2112
337,0.3668,0.2
338,0.4588,0.2136
339,0.362,0.2108
340,0.4644,0.2116
341,0.3616,0.2024
342,0.4688,0.2092
343,0.37,0.2016
344,0.46,0.202
345,0.3704,0.2048
346,0.4672,0.2188
347,0.3576,0.2096
348,0.4764,0.2304
349,0.3536,0.2024
350,0.4768,0.2192
351,0.3488,0.1956
352,0.4684,0.222
353,0.3588,0.212
354,0.4672,0.2092
355,0.3656,0.208
356,0.4652,0.2204
357,0.3492,0.2068
358,0.4808,0.2332
359,0.35,0.2168
360,0.466,0.2248
361,0.3564,0.2168
362,0.4648,0.2324
363,0.366,0.2228
364,0.4636,0.2228
365,0.368,0.2104
366,0.4608,0.2132
367,0.3712,0.2128
368,0.4584,0.2188
369,0.3756,0.2136
370,0.4608,0.2176
371,0.3648,0.2072
372,0.4692,0.2268
373,0.3516,0.2092
374,0.4732,0.2284
375,0.3672,0.216
376,0.4616,0.2228
377,0.3644,0.214
378,0.4696,0.2192
379,0.3716,0.202
380,0.4604,0.2216
381,0.3612,0.2008
382,0.4592,0.2156
383,0.3648,0.2024
384,0.4708,0.2148
385,0.3564,0.202
386,0.4656,0.2356
387,0.354,0.2036
388,0.4656,0.2216
389,0.3568,0.2108
390,0.4688,0.2152
391,0.3696,0.202
392,0.4692,0.2136
393,0.3568,0.2116
394,0.4764,0.214
395,0.3612,0.2192
396,0.482,0.2304
397,0.348,0.2044
398,0.4756,0.2108
399,0.356,0.2196
400,0.4672,0.2252
401,0.3592,0.218
402,0.4772,0.2188
403,0.3536,0.204
404,0.4708,0.2132
405,0.3476,0.2152
406,0.4748,0.2196
407,0.3516,0.2056
408,0.4832,0.2224
409,0.3548,0.2056
410,0.4752,0.206
411,0.3552,0.2016
412,0.4716,0.2172
413,0.3524,0.2004
414,0.4808,0.2184
415,0.356,0.2004
416,0.478,0.2156
417,0.3628,0.2016
418,0.47,0.2196
419,0.3592,0.2204
420,0.4764,0.2216
421,0.3504,0.212
422,0.4704,0.2284
423,0.3632,0.2164
424,0.4632,0.216
425,0.37,0.2144
426,0.4552,0.2024
427,0.374,0.2244
428,0.4436,0.2268
429,0.3756,0.2296
430,0.4612,0.222
431,0.3736,0.23
432,0.458,0.2232
433,0.3716,0.226
434,0.4528,0.2272
435,0.3548,0.228
436,0.464,0.2356
437,0.3572,0.22
438,0.4588,0.214
439,0.3636,0.2144
440,0.4684,0.216
441,0.3572,0.2068
442,0.4784,0.218
443,0.3572,0.206
444,0.4832,0.2352
445,0.364,0.2144
446,0.4648,0.2236
447,0.3456,0.212
448,0.4796,0.2368
449,0.348,0.2056
450,0.4784,0.2228
451,0.3596,0.2096
452,0.4672,0.2248
453,0.3576,0.21
454,0.4748,0.2188
455,0.3508,0.1964
456,0.4644,0.2312
457,0.36,0.2068
458,0.4588,0.2172
459,0.3632,0.2084
460,0.4684,0.2156
461,0.3616,0.2104
462,0.47,0.2232
463,0.3616,0.2088
464,0.4628,0.212
465,0.3564,0.2032
466,0.4608,0.2096
467,0.3576,0.2056
468,0.4708,0.2268
469,0.3516,0.2012
470,0.4768,0.2256
471,0.3504,0.2056
472,0.4816,0.2292
473,0.3412,0.2092
474,0.4812,0.2192
475,0.3492,0.1908
476,0.4856,0.2276
477,0.3532,0.1872
478,0.4672,0.2216
479,0.3564,0.2044
480,0.468,0.2188
481,0.3572,0.2024
482,0.4696,0.2224
483,0.3504,0.1952
484,0.4788,0.2156
485,0.3552,0.2036
486,0.4676,0.2224
487,0.3616,0.2128
488,0.4624,0.212
489,0.3572,0.2056
490,0.4684,0.2096
491,0.364,0.2072
492,0.464,0.2248
493,0.3592,0.2148
494,0.4588,0.2224
495,0.3616,0.2156
496,0.4548,0.2248
497,0.3628,0.2184
498,0.4676,0.2224
499,0.3616,0.214
500,0.4536,0.2204
501,0.3636,0.2128
502,0.4604,0.2304
503,0.3616,0.2172
504,0.46,0.2116
505,0.3724,0.2272
506,0.4612,0.214
507,0.3608,0.2136
508,0.4612,0.2252
509,0.362,0.2104
510,0.4592,0.2216
511,0.3608,0.2072
512,0.4764,0.2336
513,0.3528,0.2076
514,0.4704,0.2188
515,0.3592,0.206
516,0.468,0.2288
517,0.3628,0.212
518,0.4688,0.2204
519,0.3576,0.2064
520,0.4868,0.2216
521,0.3528,0.204
522,0.466,0.2236
523,0.3532,0.2152
524,0.47,0.2276
525,0.362,0.2168
526,0.4676,0.2272
527,0.3608,0.2244
528,0.4776,0.212
529,0.3652,0.2084
530,0.4744,0.2388
531,0.344,0.1984
532,0.4872,0.2316
533,0.344,0.2004
534,0.4796,0.2188
535,0.3452,0.1952
536,0.4788,0.2264
537,0.3528,0.2172
538,0.4704,0.2284
539,0.3484,0.2104
540,0.474,0.2284
541,0.3496,0.2108
542,0.476,0.2228
543,0.3516,0.2096
544,0.476,0.2224
545,0.3572,0.1956
546,0.476,0.2172
547,0.3492,0.1988
548,0.4656,0.2164
549,0.364,0.2088
550,0.4664,0.2248
551,0.3436,0.2076
552,0.4784,0.232
553,0.3588,0.214
554,0.4588,0.2092
555,0.3664,0.2088
556,0.468,0.2176
557,0.3556,0.2016
558,0.4648,0.2292
559,0.3576,0.2152
560,0.4716,0.222
561,0.3496,0.2148
562,0.4768,0.2204
563,0.3532,0.1972
564,0.476,0.2116
565,0.3536,0.1904
566,0.476,0.216
567,0.348,0.1996
568,0.4692,0.2204
569,0.3508,0.2136
570,0.4592,0.2116
571,0.3532,0.2048
572,0.4604,0.2164
573,0.3696,0.1936
574,0.4664,0.2012
575,0.3656,0.1996
576,0.4556,0.2064
577,0.362,0.2144
578,0.4656,0.2252
579,0.3608,0.2076
580,0.4732,0.2112
581,0.3512,0.2092
582,0.47,0.2164
583,0.3668,0.2032
584,0.47,0.2224
585,0.3476,0.198
586,0.4776,0.2204
587,0.3484,0.1952
588,0.4824,0.222
589,0.3496,0.202
590,0.4824,0.2136
591,0.3488,0.1996
592,0.4748,0.2168
593,0.3524,0.1964
594,0.4804,0.2132
595,0.3476,0.1948
596,0.4776,0.2188
597,0.354,0.204
598,0.4736,0.2244
599,0.3468,0.1944
600,0.4644,0.2208
601,0.3652,0.2144
602,0.4644,0.2168
603,0.3544,0.2112
604,0.4732,0.2216
605,0.3508,0.2076
606,0.478,0.2192
607,0.3664,0.2168
608,0.4596,0.2148
609,0.3552,0.2128
610,0.472,0.2276
611,0.3596,0.2064
612,0.4728,0.2128
613,0.3616,0.2084
614,0.47,0.2124
615,0.3628,0.21
616,0.4532,0.2116
617,0.3692,0.2108
618,0.4596,0.2024
619,0.3672,0.2124
620,0.4508,0.2092
621,0.3748,0.2008
622,0.4568,0.2016
623,0.3692,0.2116
624,0.4604,0.2136
625,0.3696,0.2196
626,0.46,0.2244
627,0.3656,0.2148
628,0.458,0.2144
629,0.364,0.2092
630,0.458,0.2128
631,0.3668,0.214
632,0.4648,0.212
633,0.3696,0.2012
634,0.4628,0.2068
635,0.3696,0.2156
636,0.4588,0.2084
637,0.3692,0.2088
638,0.4672,0.2072
639,0.3604,0.204
640,0.4716,0.2156
641,0.3504,0.2072
642,0.472,0.2188
643,0.3528,0.2036
644,0.4784,0.2272
645,0.3612,0.2092
646,0.4656,0.2144
647,0.3636,0.2196
648,0.4716,0.2228
649,0.3584,0.2156
650,0.4764,0.218
651,0.352,0.1976
652,0.4808,0.2176
653,0.3408,0.1916
654,0.4792,0.2276
655,0.3548,0.2112
656,0.4656,0.2164
657,0.3684,0.2036
658,0.4716,0.2212
659,0.3592,0.1984
660,0.4636,0.2076
661,0.3656,0.208
662,0.47,0.2272
663,0.3508,0.2128
664,0.472,0.2332
665,0.3528,0.2016
666,0.4864,0.2208
667,0.3436,0.1924
668,0.4812,0.2172
669,0.352,0.2052
670,0.472,0.2196
671,0.3524,0.2036
672,0.4732,0.2168
673,0.3548,0.2068
674,0.4664,0.2308
675,0.3544,0.2096
676,0.4732,0.2288
677,0.3552,0.2128
678,0.476,0.2344
679,0.346,0.206
680,0.4856,0.2164
681,0.3536,0.1936
682,0.4772,0.2104
683,0.3548,0.2036
684,0.478,0.234
685,0.3456,0.2128
686,0.4728,0.2356
687,0.35,0.2148
688,0.4712,0.2344
689,0.3564,0.1984
690,0.4632,0.22
691,0.3616,0.22
692,0.4712,0.2216
693,0.3492,0.2128
694,0.478,0.2332
695,0.3472,0.2028
696,0.4732,0.2252
697,0.3496,0.2044
698,0.4708,0.2264
699,0.3548,0.2076
700,0.476,0.222
701,0.358,0.1908
702,0.4716,0.2196
703,0.3608,0.1952
704,0.466,0.1956
705,0.3576,0.1884
706,0.4688,0.202
707,0.362,0.1904
708,0.4596,0.2144
709,0.3696,0.2148
710,0.4652,0.2204
711,0.3668,0.216
712,0.462,0.2176
713,0.3784,0.2168
714,0.46,0.216
715,0.358,0.2032
716,0.4696,0.206
717,0.3636,0.2112
718,0.4708,0.2128
719,0.3648,0.206
720,0.4636,0.2116
721,0.3596,0.2032
722,0.4664,0.2084
723,0.3548,0.2164
724,0.4748,0.2256
725,0.3632,0.2144
726,0.4648,0.2144
727,0.3712,0.2012
728,0.46,0.2052
729,0.374,0.2068
730,0.4588,0.1948
731,0.3716,0.2184
732,0.4568,0.2088
733,0.3632,0.214
734,0.4596,0.2188
735,0.3596,0.2056
736,0.4612,0.216
737,0.3624,0.2008
738,0.47,0.2124
739,0.3624,0.2072
740,0.4548,0.2164
741,0.378,0.2024
742,0.4572,0.2112
743,0.3724,0.2056
744,0.4528,0.2112
745,0.3544,0.2012
746,0.4716,0.222
747,0.3484,0.2036
748,0.4772,0.2224
749,0.3532,0.2024
750,0.478,0.2256
751,0.3424,0.1816
752,0.4756,0.2164
753,0.3556,0.2016
754,0.47,0.2064
755,0.3588,0.2156
756,0.4596,0.2188
757,0.358,0.202
758,0.466,0.2196
759,0.3692,0.2108
760,0.4584,0.2008
761,0.366,0.22
762,0.4692,0.2176
763,0.3544,0.1956
764,0.4812,0.212
765,0.3624,0.1944
766,0.47,0.2192
767,0.352,0.1988
768,0.4768,0.2148
769,0.3568,0.1968
770,0.4668,0.2132
771,0.3532,0.1984
772,0.48,0.2168
773,0.3504,0.1904
774,0.4784,0.2128
775,0.348,0.1872
776,0.4824,0.2184
777,0.354,0.194
778,0.4724,0.204
779,0.3596,0.1928
780,0.4768,0.2104
781,0.3524,0.1968
782,0.4784,0.2212
783,0.3548,0.204
784,0.4672,0.2156
785,0.368,0.2048
786,0.4572,0.2
787,0.3652,0.2052
788,0.4588,0.2092
789,0.358,0.204
790,0.4612,0.2184
791,0.3744,0.2164
792,0.4396,0.2104
793,0.3752,0.216
794,0.446,0.2176
795,0.3708,0.216
796,0.4652,0.2356
797,0.3636,0.2084
798,0.4696,0.2172
799,0.3672,0.1972
800,0.4524,0.216
801,0.3648,0.2104
802,0.464,0.216
803,0.3676,0.1984
804,0.4676,0.2164
805,0.3588,0.2136
806,0.4636,0.2164
807,0.3528,0.216
808,0.4772,0.2124
809,0.3584,0.1964
810,0.4676,0.212
811,0.3632,0.202
812,0.462,0.2184
813,0.3632,0.22
814,0.4652,0.2096
815,0.364,0.2116
816,0.4636,0.208
817,0.3656,0.2012
818,0.4608,0.2036
819,0.3724,0.2056
820,0.4652,0.214
821,0.3548,0.2004
822,0.474,0.212
823,0.3664,0.2052
824,0.4624,0.2192
825,0.3592,0.1964
826,0.4716,0.214
827,0.3604,0.1972
828,0.47,0.2104
829,0.3516,0.1972
830,0.4764,0.23
831,0.3548,0.2052
832,0.4648,0.2012
833,0.3508,0.1976
834,0.4708,0.2004
835,0.3572,0.198
836,0.4832,0.2112
837,0.3556,0.1936
838,0.4652,0.206
839,0.3656,0.1916
840,0.464,0.2052
841,0.3664,0.1908
842,0.4692,0.2128
843,0.3572,0.2024
844,0.4648,0.2272
845,0.3596,0.2036
846,0.48,0.2228
847,0.352,0.2004
848,0.4736,0.2088
849,0.3516,0.2052
850,0.4784,0.1976
851,0.3512,0.1984
852,0.4752,0.2212
853,0.3596,0.2012
854,0.4616,0.2124
855,0.364,0.1936
856,0.4732,0.2184
857,0.3616,0.2148
858,0.4688,0.2108
859,0.3628,0.2052
860,0.4684,0.22
861,0.3556,0.2028
862,0.4796,0.2204
863,0.3508,0.19
864,0.4776,0.214
865,0.3568,0.2212
866,0.4628,0.2292
867,0.3636,0.2208
868,0.4532,0.2096
869,0.3632,0.2136
870,0.4652,0.2248
871,0.3628,0.218
872,0.4668,0.2236
873,0.3636,0.2268
874,0.468,0.2268
875,0.3588,0.2116
876,0.4764,0.2276
877,0.3536,0.2104
878,0.4604,0.2136
879,0.3596,0.2
880,0.4724,0.2156
881,0.3548,0.202
882,0.4704,0.2156
883,0.362,0.2004
884,0.4652,0.2096
885,0.3656,0.208
886,0.4564,0.2136
887,0.366,0.2152
888,0.476,0.2128
889,0.3604,0.1956
890,0.4672,0.2108
891,0.3696,0.196
892,0.4608,0.2116
893,0.364,0.204
894,0.4696,0.2148
895,0.3628,0.2036
896,0.4636,0.2116
897,0.3544,0.1952
898,0.4668,0.2164
899,0.3624,0.206
900,0.4516,0.2112
901,0.3688,0.2116
902,0.4624,0.218
903,0.36,0.1988
904,0.4776,0.2208
905,0.3392,0.1864
906,0.4844,0.2132
907,0.3444,0.1952
908,0.478,0.2228
909,0.3436,0.204
910,0.484,0.2296
911,0.3512,0.212
912,0.4776,0.2312
913,0.3524,0.2016
914,0.4752,0.2144
915,0.3592,0.2
916,0.4648,0.206
917,0.3624,0.2016
918,0.4692,0.214
919,0.3612,0.202
920,0.4804,0.2188
921,0.3424,0.1964
922,0.4792,0.2204
923,0.3576,0.2016
924,0.4828,0.2104
925,0.3508,0.1924
926,0.4696,0.2136
927,0.3484,0.2072
928,0.4796,0.2216
929,0.35,0.2156
930,0.4672,0.2288
931,0.3576,0.2152
932,0.47,0.2128
933,0.3576,0.2064
934,0.4672,0.22
935,0.3584,0.1996
936,0.4592,0.208
937,0.37,0.204
938,0.4552,0.2216
939,0.3624,0.2128
940,0.4588,0.2288
941,0.3604,0.2088
942,0.4752,0.22
943,0.3548,0.2112
944,0.4684,0.214
945,0.3564,0.208
946,0.4828,0.2344
947,0.346,0.2048
948,0.4756,0.224
949,0.35,0.2096
950,0.4812,0.2244
951,0.3496,0.2092
952,0.4764,0.2236
953,0.3452,0.196
954,0.4932,0.214
955,0.3492,0.1932
956,0.478,0.2148
957,0.3608,0.2104
958,0.4676,0.2356
959,0.3564,0.2064
960,0.474,0.2176
961,0.364,0.2072
962,0.4636,0.2032
963,0.3492,0.1908
964,0.4752,0.232
965,0.3444,0.1976
966,0.4824,0.226
967,0.3588,0.2104
968,0.4784,0.2268
969,0.3588,0.2084
970,0.4664,0.2144
971,0.3588,0.1972
972,0.456,0.214
973,0.3736,0.2064
974,0.4596,0.2048
975,0.3632,0.2148
976,0.4728,0.2232
977,0.3556,0.2096
978,0.4704,0.2108
979,0.3616,0.2192
980,0.4604,0.2092
981,0.3652,0.2124
982,0.4664,0.2172
983,0.3552,0.202
984,0.476,0.218
985,0.346,0.208
986,0.4784,0.2288
987,0.3444,0.2092
988,0.4788,0.2196
989,0.3536,0.212
990,0.468,0.2268
991,0.3532,0.2164
992,0.4764,0.2216
993,0.3568,0.21
994,0.4664,0.2108
995,0.364,0.2152
996,0.462,0.2152
997,0.3676,0.2296
998,0.47,0.2384
999,0.3468,0.2088
1000,0.478,0.2368
1001,0.3488,0.226
1002,0.4744,0.226
1003,0.3504,0.2012
1004,0.4764,0.214
1005,0.3384,0.198
1006,0.4848,0.2252
1007,0.3464,0.194
1008,0.4928,0.2256
1009,0.3324,0.1836
1010,0.4992,0.2284
1011,0.336,0.1996
1012,0.498,0.2208
1013,0.3316,0.1928
1014,0.4924,0.2272
1015,0.328,0.1912
1016,0.4976,0.2304
1017,0.34,0.1996
1018,0.4896,0.2372
1019,0.332,0.2052
1020,0.4872,0.2296
1021,0.34,0.2
1022,0.4936,0.2308
1023,0.332,0.1972
1024,0.5044,0.2156
1025,0.3332,0.1916
1026,0.492,0.208
1027,0.3396,0.1944
1028,0.4876,0.2172
1029,0.3432,0.1912
1030,0.4784,0.22
1031,0.346,0.2024
1032,0.4768,0.2196
1033,0.338,0.2004
1034,0.4868,0.2244
1035,0.3452,0.2072
1036,0.4824,0.2156
1037,0.348,0.2084
1038,0.4776,0.226
1039,0.3468,0.196
1040,0.4652,0.226
1041,0.362,0.2124
1042,0.4676,0.204
1043,0.3572,0.1976
1044,0.4724,0.2088
1045,0.3644,0.2024
1046,0.4828,0.2136
1047,0.342,0.1964
1048,0.49,0.22
1049,0.3412,0.2084
1050,0.4824,0.2328
1051,0.3448,0.2196
1052,0.4768,0.2352
1053,0.3324,0.2056
1054,0.5008,0.2416
1055,0.33,0.2052
1056,0.4784,0.2348
1057,0.3492,0.2192
1058,0.4764,0.2268
1059,0.3528,0.2144
1060,0.4752,0.2356
1061,0.3528,0.224
1062,0.4716,0.23
1063,0.3612,0.224
1064,0.4792,0.2184
1065,0.3528,0.2036
1066,0.4708,0.218
1067,0.3432,0.2072
1068,0.4912,0.2248
1069,0.3456,0.212
1070,0.4812,0.2232
1071,0.3444,0.2084
1072,0.4728,0.2208
1073,0.3616,0.2216
1074,0.4664,0.2232
1075,0.3548,0.2112
1076,0.4776,0.2252
1077,0.352,0.2216
1078,0.4816,0.2312
1079,0.3424,0.2064
1080,0.478,0.2228
1081,0.3472,0.2088
1082,0.4684,0.2068
1083,0.3512,0.2088
1084,0.4828,0.2196
1085,0.346,0.2084
1086,0.4756,0.2152
1087,0.3468,0.2064
1088,0.4844,0.2252
1089,0.3512,0.1976
1090,0.4692,0.1964
1091,0.3504,0.1936
1092,0.4728,0.2172
1093,0.3528,0.1968
1094,0.484,0.2208
1095,0.3432,0.2008
1096,0.4836,0.2224
1097,0.3416,0.194
1098,0.482,0.2108
1099,0.3496,0.1928
1100,0.4748,0.2184
1101,0.346,0.2036
1102,0.4804,0.2256
1103,0.3484,0.2056
1104,0.4848,0.2232
1105,0.3344,0.1992
1106,0.4952,0.2172
1107,0.3288,0.188
1108,0.4972,0.2304
1109,0.3492,0.2008
1110,0.48,0.2192
1111,0.3452,0.1908
1112,0.474,0.1948
1113,0.3524,0.1996
1114,0.4764,0.2088
1115,0.3528,0.202
1116,0.4844,0.2272
1117,0.3408,0.1848
1118,0.4868,0.2152
1119,0.342,0.1888
1120,0.4804,0.2164
1121,0.354,0.2052
1122,0.4704,0.2128
1123,0.3628,0.202
1124,0.4692,0.2
1125,0.3528,0.1932
1126,0.4772,0.21
1127,0.3556,0.2016
1128,0.464,0.206
1129,0.356,0.1952
1130,0.4736,0.2092
1131,0.3528,0.196
1132,0.4796,0.216
1133,0.3572,0.2028
1134,0.4824,0.21
1135,0.3488,0.1916
1136,0.4788,0.2208
1137,0.3512,0.2116
1138,0.47,0.2368
1139,0.3592,0.2156
1140,0.4748,0.2332
1141,0.356,0.2048
1142,0.4744,0.2304
1143,0.3636,0.2212
1144,0.466,0.2188
1145,0.3692,0.2252
1146,0.4576,0.2112
1147,0.37,0.2196
1148,0.4692,0.2172
1149,0.3608,0.218
1150,0.4592,0.2256
1151,0.3684,0.2264
1152,0.4568,0.2236
1153,0.3624,0.2152
1154,0.4652,0.22
1155,0.3568,0.2084
1156,0.4672,0.2084
1157,0.3572,0.2136
1158,0.462,0.2204
1159,0.3648,0.2224
1160,0.4652,0.214
1161,0.3596,0.212
1162,0.4668,0.2244
1163,0.3452,0.2224
1164,0.4928,0.2312
1165,0.3336,0.2024
1166,0.4892,0.234
1167,0.346,0.2064
1168,0.474,0.22
1169,0.35,0.192
1170,0.4884,0.216
1171,0.3488,0.2016
1172,0.4688,0.2152
1173,0.3548,0.2084
1174,0.4816,0.2028
1175,0.3572,0.214
1176,0.478,0.2276
1177,0.3508,0.214
1178,0.4748,0.2188
1179,0.3468,0.2092
1180,0.4684,0.2228
1181,0.3516,0.2036
1182,0.4832,0.222
1183,0.3452,0.2028
1184,0.4812,0.216
1185,0.3452,0.2056
1186,0.4772,0.2188
1187,0.3548,0.2072
1188,0.4608,0.2
1189,0.3664,0.2072
1190,0.476,0.2324
1191,0.3504,0.2116
1192,0.4708,0.2104
1193,0.3548,0.1992
1194,0.4784,0.2184
1195,0.356,0.2012
1196,0.4704,0.2168
1197,0.3488,0.2068
1198,0.478,0.2224
1199,0.3512,0.1864
1200,0.478,0.2076
1201,0.3504,0.208
1202,0.4892,0.2172
1203,0.3468,0.1928
1204,0.4828,0.226
1205,0.3504,0.2088
1206,0.47,0.2232
1207,0.3636,0.2112
1208,0.4672,0.2
1209,0.358,0.1988
1210,0.4628,0.2028
1211,0.3548,0.2008
1212,0.4708,0.2152
1213,0.362,0.2172
1214,0.4656,0.2152
1215,0.3608,0.2084
1216,0.4568,0.22
1217,0.3548,0.192
1218,0.4712,0.2168
1219,0.3468,0.1944
1220,0.4784,0.2284
1221,0.3572,0.206
1222,0.4724,0.2232
1223,0.3488,0.2032
1224,0.478,0.214
1225,0.3512,0.2012
1226,0.4756,0.2216
1227,0.354,0.2192
1228,0.4676,0.2204
1229,0.3528,0.2116
1230,0.4888,0.2372
1231,0.3444,0.196
1232,0.4932,0.226
1233,0.3376,0.1908
1234,0.4812,0.2256
1235,0.3396,0.2076
1236,0.4812,0.2116
1237,0.3408,0.1856
1238,0.4892,0.218
1239,0.3464,0.1984
1240,0.4852,0.2252
1241,0.3392,0.1984
1242,0.4808,0.2212
1243,0.338,0.1872
1244,0.4892,0.2184
1245,0.3464,0.1916
1246,0.4832,0.2276
1247,0.3428,0.2096
1248,0.4784,0.2228
1249,0.35,0.1972
1250,0.4884,0.2296
1251,0.3396,0.1996
1252,0.4988,0.2252
1253,0.3276,0.1932
1254,0.488,0.2236
1255,0.3516,0.2204
1256,0.4792,0.2216
1257,0.3448,0.2036
1258,0.4824,0.2224
1259,0.342,0.2012
1260,0.4764,0.2156
1261,0.3508,0.1984
1262,0.478,0.21
1263,0.3588,0.2072
1264,0.4636,0.222
1265,0.3628,0.2124
1266,0.4704,0.212
1267,0.3488,0.2068
1268,0.4756,0.2076
1269,0.3448,0.1916
1270,0.4848,0.2252
1271,0.3484,0.1964
1272,0.4736,0.2176
1273,0.3532,0.2064
1274,0.4668,0.2156
1275,0.362,0.2096
1276,0.4716,0.2072
1277,0.3596,0.2092
1278,0.4696,0.2184
1279,0.3576,0.2136
1280,0.4728,0.2184
1281,0.364,0.2064
1282,0.4772,0.21
1283,0.36,0.2
1284,0.4736,0.2192
1285,0.3576,0.204
1286,0.4852,0.2248
1287,0.3448,0.2044
1288,0.4768,0.21
1289,0.3576,0.2004
1290,0.4836,0.2048
1291,0.3504,0.1924
1292,0.4868,0.2064
1293,0.3452,0.1908
1294,0.4912,0.2188
1295,0.342,0.1928
1296,0.4744,0.2148
1297,0.3548,0.2032
1298,0.4816,0.212
1299,0.3548,0.196
1300,0.4792,0.2132
1301,0.348,0.1944
1302,0.4864,0.2132
1303,0.3352,0.1816
1304,0.498,0.2288
1305,0.3428,0.2044
1306,0.4824,0.2156
1307,0.35,0.2056
1308,0.4768,0.1992
1309,0.3528,0.1948
1310,0.4744,0.2056
1311,0.3556,0.2064
1312,0.482,0.2192
1313,0.348,0.2036
1314,0.476,0.2176
1315,0.354,0.21
1316,0.4664,0.214
1317,0.3612,0.2336
1318,0.474,0.2252
1319,0.3572,0.2304
1320,0.4704,0.2268
1321,0.348,0.2104
1322,0.484,0.2196
1323,0.3504,0.2052
1324,0.4748,0.2216
1325,0.352,0.2104
1326,0.466,0.2304
1327,0.3572,0.2064
1328,0.4744,0.2232
1329,0.3548,0.2096
1330,0.4784,0.2244
1331,0.3508,0.2048
1332,0.4768,0.2256
1333,0.3484,0.1924
1334,0.4692,0.2124
1335,0.3632,0.214
1336,0.4688,0.2044
1337,0.3548,0.2096
1338,0.4696,0.208
1339,0.352,0.1984
1340,0.4792,0.2132
1341,0.348,0.2032
1342,0.482,0.2228
1343,0.3544,0.206
1344,0.4664,0.2236
1345,0.356,0.2044
1346,0.4688,0.2152
1347,0.3596,0.2044
1348,0.4752,0.2128
1349,0.346,0.2088
1350,0.478,0.222
1351,0.3564,0.2024
1352,0.476,0.2252
1353,0.3544,0.2008
1354,0.4816,0.218
1355,0.35,0.1912
1356,0.484,0.2176
1357,0.3404,0.1972
1358,0.4716,0.2272
1359,0.3496,0.2072
1360,0.4764,0.224
1361,0.3536,0.2072
1362,0.4684,0.2168
1363,0.3696,0.2096
1364,0.4644,0.2048
1365,0.3516,0.2048
1366,0.4692,0.2128
1367,0.356,0.2128
1368,0.4656,0.2028
1369,0.3664,0.2084
1370,0.4628,0.218
1371,0.3616,0.2156
1372,0.4648,0.2152
1373,0.3552,0.2012
1374,0.4812,0.2156
1375,0.356,0.2044
1376,0.4876,0.218
1377,0.3448,0.194
1378,0.4856,0.2048
1379,0.3472,0.1884
1380,0.4796,0.2084
1381,0.3532,0.2068
1382,0.4824,0.216
1383,0.3496,0.212
1384,0.4736,0.216
1385,0.3536,0.2124
1386,0.4832,0.2156
1387,0.3492,0.2072
1388,0.474,0.2244
1389,0.3568,0.2076
1390,0.4672,0.2112
1391,0.3508,0.1928
1392,0.476,0.2192
1393,0.3536,0.1984
1394,0.4668,0.2044
1395,0.3592,0.196
1396,0.4736,0.222
1397,0.3464,0.2124
1398,0.4736,0.2236
1399,0.3516,0.2168
1400,0.472,0.2184
1401,0.3492,0.2016
1402,0.4776,0.2124
1403,0.348,0.2004
1404,0.4664,0.2152
1405,0.3468,0.2032
1406,0.4664,0.2308
1407,0.3592,0.2132
1408,0.468,0.2184
1409,0.3432,0.1936
1410,0.4876,0.2088
1411,0.3292,0.1848
1412,0.4956,0.2312
1413,0.3376,0.1908
1414,0.4864,0.2192
1415,0.332,0.2012
1416,0.4904,0.2344
1417,0.3304,0.196
1418,0.492,0.2292
1419,0.3404,0.2068
1420,0.486,0.2292
1421,0.3476,0.2088
1422,0.4844,0.2164
1423,0.346,0.1916
1424,0.4868,0.2092
1425,0.3408,0.1908
1426,0.4896,0.2128
1427,0.3336,0.1968
1428,0.4884,0.218
1429,0.3416,0.192
1430,0.4736,0.2116
1431,0.3484,0.1912
1432,0.4664,0.2196
1433,0.3492,0.1968
1434,0.4772,0.222
1435,0.3524,0.2092
1436,0.4744,0.2188
1437,0.3452,0.1936
1438,0.4832,0.2208
1439,0.3572,0.2036
1440,0.4708,0.2304
1441,0.3428,0.196
1442,0.4916,0.2248
1443,0.3352,0.1792
1444,0.4912,0.2172
1445,0.3464,0.1928
1446,0.4812,0.208
1447,0.3436,0.1992
1448,0.4876,0.2236
1449,0.34,0.2112
1450,0.4788,0.2208
1451,0.3396,0.1984
1452,0.4728,0.2184
1453,0.3544,0.1972
1454,0.4616,0.2092
1455,0.3608,0.2072
1456,0.4712,0.2132
1457,0.3668,0.2116
1458,0.4672,0.2188
1459,0.3544,0.2136
1460,0.4676,0.214
1461,0.36,0.2144
1462,0.4668,0.2148
1463,0.3624,0.2048
1464,0.4604,0.214
1465,0.358,0.204
1466,0.4732,0.2212
1467,0.3508,0.1988
1468,0.4764,0.2136
1469,0.3456,0.2012
1470,0.4824,0.2132
1471,0.3448,0.1836
1472,0.472,0.204
1473,0.3572,0.1996
1474,0.4668,0.2088
1475,0.354,0.2124
1476,0.4612,0.2092
1477,0.3568,0.2132
1478,0.4708,0.22
1479,0.3624,0.2152
1480,0.464,0.23
1481,0.3612,0.212
1482,0.4656,0.2208
1483,0.3604,0.2168
1484,0.4648,0.2176
1485,0.3588,0.216
1486,0.4572,0.226
1487,0.3668,0.2212
1488,0.4552,0.2152
1489,0.364,0.2088
1490,0.4688,0.2188
1491,0.3536,0.2
1492,0.4888,0.218
1493,0.3424,0.1952
1494,0.4712,0.2232
1495,0.36,0.2192
1496,0.4652,0.2204
1497,0.3596,0.2124
1498,0.4604,0.2124
1499,0.3596,0.2016
1500,0.4628,0.2132
1501,0.3548,0.2064
1502,0.4652,0.206
1503,0.3636,0.212
1504,0.4624,0.2132
1505,0.36,0.2
1506,0.4764,0.228
1507,0.3504,0.2032
1508,0.4688,0.212
1509,0.3632,0.2104
1510,0.47,0.2064
1511,0.3552,0.2096
1512,0.476,0.2156
1513,0.3536,0.2112
1514,0.4664,0.2256
1515,0.3628,0.2088
1516,0.4596,0.21
1517,0.3668,0.2092
1518,0.4652,0.2132
1519,0.3564,0.1992
1520,0.4808,0.2208
1521,0.3504,0.2036
1522,0.4676,0.2248
1523,0.346,0.2116
1524,0.4884,0.2188
1525,0.3384,0.206
1526,0.488,0.2308
1527,0.3408,0.1984
1528,0.4812,0.204
1529,0.348,0.2108
1530,0.4884,0.2188
1531,0.34,0.2008
1532,0.478,0.2192
1533,0.3476,0.198
1534,0.4804,0.2168
1535,0.3464,0.1992
1536,0.468,0.2056
1537,0.3576,0.1996
1538,0.4712,0.218
1539,0.3624,0.2076
1540,0.4624,0.2032
1541,0.3528,0.1948
1542,0.468,0.2132
1543,0.3536,0.2056
1544,0.462,0.2044
1545,0.366,0.2076
1546,0.4656,0.208
1547,0.3616,0.2188
1548,0.4644,0.214
1549,0.3616,0.2084
1550,0.478,0.2128
1551,0.3584,0.1968
1552,0.4692,0.2092
1553,0.358,0.2076
1554,0.464,0.2188
1555,0.3576,0.2156
1556,0.4716,0.2144
1557,0.3552,0.2052
1558,0.4664,0.2264
1559,0.3564,0.2144
1560,0.4768,0.2212
1561,0.3656,0.2216
1562,0.4744,0.222
1563,0.3464,0.2068
1564,0.4728,0.2192
1565,0.3428,0.1984
1566,0.4916,0.2244
1567,0.3492,0.198
1568,0.4784,0.2164
1569,0.3552,0.202
1570,0.4652,0.2072
1571,0.3504,0.2024
1572,0.4792,0.2332
1573,0.3476,0.2072
1574,0.4844,0.2388
1575,0.3392,0.2048
1576,0.4816,0.2116
1577,0.3544,0.2016
1578,0.4796,0.2188
1579,0.3472,0.2076
1580,0.4764,0.2196
1581,0.356,0.2044
1582,0.4712,0.2124
1583,0.3516,0.206
1584,0.4696,0.2228
1585,0.3576,0.22
1586,0.4696,0.2264
1587,0.3572,0.208
1588,0.4816,0.2284
1589,0.3448,0.2076
1590,0.4792,0.2264
1591,0.3532,0.2116
1592,0.4704,0.2232
1593,0.3572,0.2192
1594,0.4652,0.2316
1595,0.3484,0.208
1596,0.4756,0.2316
1597,0.3428,0.2016
1598,0.4828,0.2344
1599,0.348,0.2044
1600,0.4792,0.2296
1601,0.3268,0.2044
1602,0.4844,0.2212
1603,0.3428,0.1992
1604,0.4808,0.2248
1605,0.3412,0.2124
1606,0.476,0.2404
1607,0.3536,0.2188
1608,0.4756,0.2172
1609,0.352,0.2092
1610,0.4812,0.216
1611,0.3372,0.1888
1612,0.478,0.2164
1613,0.3496,0.2
1614,0.48,0.2244
1615,0.3368,0.1956
1616,0.4936,0.2428
1617,0.342,0.2016
1618,0.4788,0.22
1619,0.356,0.2148
1620,0.4728,0.2232
1621,0.3492,0.2144
1622,0.4848,0.23
1623,0.3488,0.2036
1624,0.4784,0.2136
1625,0.3556,0.2088
1626,0.4792,0.2212
1627,0.3504,0.2024
1628,0.4728,0.2288
1629,0.3556,0.2148
1630,0.4564,0.2284
1631,0.354,0.2092
1632,0.4736,0.2156
1633,0.36,0.2116
1634,0.4656,0.206
1635,0.3604,0.196
1636,0.4776,0.212
1637,0.3576,0.196
1638,0.4736,0.2088
1639,0.3656,0.204
1640,0.4608,0.2044
1641,0.3704,0.2064
1642,0.452,0.2144
1643,0.3624,0.2136
1644,0.4656,0.2248
1645,0.348,0.2092
1646,0.4704,0.2184
1647,0.358,0.2028
1648,0.4668,0.2168
1649,0.3592,0.2068
1650,0.4648,0.2112
1651,0.3568,0.2084
1652,0.4764,0.2208
1653,0.3512,0.206
1654,0.4812,0.2248
1655,0.3492,0.2052
1656,0.4836,0.23
1657,0.3392,0.1984
1658,0.4788,0.2304
1659,0.3424,0.2116
1660,0.4752,0.2244
1661,0.3516,0.2032
1662,0.4768,0.2136
1663,0.3584,0.198
1664,0.4636,0.2084
1665,0.3636,0.2172
1666,0.4624,0.2264
1667,0.362,0.2216
1668,0.4652,0.2316
1669,0.352,0.2044
1670,0.4704,0.2272
1671,0.3492,0.2068
1672,0.4704,0.22
1673,0.3588,0.2092
1674,0.4708,0.218
1675,0.366,0.2068
1676,0.4572,0.2072
1677,0.3604,0.2164
1678,0.4672,0.2172
1679,0.3592,0.2164
1680,0.4728,0.208
1681,0.356,0.2068
1682,0.4768,0.2212
1683,0.3464,0.2084
1684,0.468,0.2268
1685,0.3544,0.21
1686,0.474,0.2288
1687,0.35,0.2096
1688,0.4712,0.2272
1689,0.3504,0.2048
1690,0.4792,0.2248
1691,0.3476,0.194
1692,0.4776,0.2204
1693,0.3528,0.1956
1694,0.468,0.1992
1695,0.3548,0.1868
1696,0.466,0.2056
1697,0.3684,0.2136
1698,0.468,0.2244
1699,0.3532,0.2056
1700,0.4676,0.2212
1701,0.3588,0.2068
1702,0.482,0.228
1703,0.3604,0.2232
1704,0.4652,0.2176
1705,0.3516,0.208
1706,0.4796,0.232
1707,0.338,0.2124
1708,0.4916,0.23
1709,0.344,0.2104
1710,0.4836,0.2268
1711,0.346,0.2052
1712,0.4848,0.2188
1713,0.3468,0.2036
1714,0.478,0.2152
1715,0.344,0.188
1716,0.4912,0.2092
1717,0.3436,0.19
1718,0.4864,0.222
1719,0.3368,0.2072
1720,0.488,0.2232
1721,0.3444,0.206
1722,0.4772,0.216
1723,0.3496,0.1956
1724,0.4776,0.22
1725,0.3588,0.21
1726,0.4684,0.2112
1727,0.352,0.2028
1728,0.4756,0.214
1729,0.3552,0.212
1730,0.476,0.2192
1731,0.3508,0.2004
1732,0.484,0.2192
1733,0.3424,0.2072
1734,0.4844,0.2124
1735,0.3556,0.2
1736,0.4692,0.2164
1737,0.3532,0.2
1738,0.482,0.2148
1739,0.3496,0.2
1740,0.4816,0.2068
1741,0.3512,0.182
1742,0.488,0.2172
1743,0.3516,0.196
1744,0.472,0.2236
1745,0.35,0.212
1746,0.4788,0.2132
1747,0.3452,0.19
1748,0.48,0.2176
1749,0.354,0.2104
1750,0.4776,0.2028
1751,0.348,0.196
1752,0.4752,0.2176
1753,0.348,0.2132
1754,0.4844,0.2228
1755,0.3512,0.212
1756,0.4612,0.2136
1757,0.3668,0.218
1758,0.4612,0.2052
1759,0.3624,0.2092
1760,0.4608,0.2104
1761,0.3648,0.2144
1762,0.472,0.208
1763,0.3612,0.2072
1764,0.4568,0.2164
1765,0.3568,0.2096
1766,0.472,0.214
1767,0.35,0.2032
1768,0.4792,0.224
1769,0.3472,0.196
1770,0.4744,0.2224
1771,0.3548,0.2136
1772,0.4808,0.2236
1773,0.3392,0.194
1774,0.4936,0.2288
1775,0.3328,0.1956
1776,0.5008,0.2384
1777,0.3308,0.1996
1778,0.4916,0.2168
1779,0.34,0.1876
1780,0.48,0.2096
1781,0.3484,0.204
1782,0.482,0.2184
1783,0.3372,0.1932
1784,0.4924,0.2248
1785,0.3284,0.194
1786,0.4996,0.2356
1787,0.3344,0.1872
1788,0.4948,0.2236
1789,0.346,0.2088
1790,0.484,0.2216
1791,0.35,0.1956
1792,0.4764,0.2336
1793,0.3428,0.2008
1794,0.4792,0.2232
1795,0.3444,0.1948
1796,0.4828,0.2252
1797,0.3464,0.1992
1798,0.4824,0.2248
1799,0.3364,0.1884
1800,0.4832,0.218
1801,0.3484,0.1984
1802,0.486,0.2084
1803,0.346,0.1956
1804,0.4744,0.2028
1805,0.3456,0.1932
1806,0.4756,0.222
1807,0.3576,0.2076
1808,0.4716,0.222
1809,0.3608,0.2116
1810,0.4788,0.2164
1811,0.3516,0.1988
1812,0.4712,0.2152
1813,0.3528,0.1936
1814,0.4844,0.2116
1815,0.346,0.1956
1816,0.4836,0.2092
1817,0.3464,0.1968
1818,0.4924,0.2284
1819,0.34,0.1916
1820,0.484,0.2176
1821,0.3584,0.1944
1822,0.4784,0.2136
1823,0.3436,0.196
1824,0.4952,0.222
1825,0.3452,0.2036
1826,0.4848,0.218
1827,0.3412,0.2124
1828,0.4836,0.2152
1829,0.3428,0.1836
1830,0.4896,0.2096
1831,0.3364,0.1916
1832,0.4948,0.2168
1833,0.3412,0.1876
1834,0.4888,0.2104
1835,0.3552,0.1984
1836,0.4676,0.218
1837,0.3644,0.2144
1838,0.4736,0.2224
1839,0.3572,0.2124
1840,0.466,0.2112
1841,0.3576,0.2084
1842,0.4724,0.2096
1843,0.3584,0.2072
1844,0.4688,0.2044
1845,0.35,0.216
1846,0.476,0.2236
1847,0.3556,0.2028
1848,0.474,0.21
1849,0.3564,0.2084
1850,0.4828,0.212
1851,0.35,0.1908
1852,0.468,0.2152
1853,0.3568,0.2116
1854,0.4684,0.224
1855,0.3572,0.2052
1856,0.4756,0.2084
1857,0.3496,0.2016
1858,0.4772,0.206
1859,0.3496,0.196
1860,0.48,0.2156
1861,0.3416,0.1996
1862,0.4832,0.222
1863,0.3404,0.1952
1864,0.4848,0.222
1865,0.3452,0.2056
1866,0.478,0.2268
1867,0.3404,0.2124
1868,0.4832,0.2172
1869,0.3484,0.2012
1870,0.4788,0.2076
1871,0.3536,0.1944
1872,0.4736,0.2088
1873,0.3588,0.212
1874,0.4792,0.2224
1875,0.3432,0.2036
1876,0.484,0.2116
1877,0.3412,0.19
1878,0.48,0.2228
1879,0.346,0.1904
1880,0.4872,0.2188
1881,0.344,0.1996
1882,0.4792,0.2108
1883,0.356,0.2128
1884,0.4748,0.218
1885,0.3456,0.202
1886,0.4744,0.2116
1887,0.3524,0.2148
1888,0.4732,0.2184
1889,0.3604,0.2044
1890,0.4672,0.226
1891,0.3572,0.2012
1892,0.4792,0.2072
1893,0.35,0.1984
1894,0.4732,0.2124
1895,0.3484,0.206
1896,0.4804,0.2172
1897,0.344,0.1996
1898,0.47,0.2224
1899,0.3544,0.2052
1900,0.4672,0.214
1901,0.3548,0.2088
1902,0.478,0.2204
1903,0.3624,0.22
1904,0.4684,0.2292
1905,0.3632,0.2168
1906,0.4656,0.2064
1907,0.364,0.2084
1908,0.4644,0.2044
1909,0.3552,0.2004
1910,0.4752,0.2128
1911,0.354,0.1992
1912,0.4736,0.2088
1913,0.3616,0.2092
1914,0.4692,0.222
1915,0.3616,0.208
1916,0.468,0.2096
1917,0.3472,0.2136
1918,0.4716,0.2192
1919,0.3644,0.2096
1920,0.4672,0.2108
1921,0.3576,0.21
1922,0.4664,0.2092
1923,0.3576,0.2076
1924,0.4732,0.2108
1925,0.3612,0.2008
1926,0.472,0.2048
1927,0.3544,0.1944
1928,0.4844,0.2096
1929,0.3592,0.1996
1930,0.4808,0.2292
1931,0.344,0.1968
1932,0.4712,0.2224
1933,0.3548,0.2
1934,0.4804,0.2204
1935,0.3472,0.1988
1936,0.4808,0.2268
1937,0.35,0.19
1938,0.48,0.21
1939,0.3496,0.1984
1940,0.4772,0.2096
1941,0.3464,0.2052
1942,0.4756,0.2224
1943,0.3556,0.2072
1944,0.4728,0.2164
1945,0.3516,0.1988
1946,0.4748,0.218
1947,0.3496,0.2192
1948,0.4744,0.2316
1949,0.352,0.214
1950,0.4772,0.2244
1951,0.3552,0.2048
1952,0.482,0.2212
1953,0.3428,0.1888
1954,0.4776,0.2188
1955,0.3524,0.2024
1956,0.4704,0.2156
1957,0.3636,0.218
1958,0.4772,0.2288
1959,0.3488,0.2152
1960,0.4756,0.2084
1961,0.3552,0.2064
1962,0.4756,0.226
1963,0.3544,0.2156
1964,0.4744,0.2244
1965,0.362,0.2052
1966,0.4756,0.2136
1967,0.356,0.1984
1968,0.4864,0.2184
1969,0.3464,0.2028
1970,0.4688,0.2204
1971,0.3464,0.2052
1972,0.474,0.2212
1973,0.3428,0.1904
1974,0.4852,0.2244
1975,0.354,0.218
1976,0.4652,0.2248
1977,0.35,0.2052
1978,0.4796,0.2196
1979,0.354,0.2024
1980,0.4712,0.2084
1981,0.3576,0.1996
1982,0.4812,0.208
1983,0.35,0.1904
1984,0.4796,0.212
1985,0.3508,0.2076
1986,0.4748,0.2256
1987,0.3444,0.2136
1988,0.4852,0.2348
1989,0.3376,0.2132
1990,0.4808,0.2308
1991,0.3528,0.2148
1992,0.4704,0.208
1993,0.3468,0.2032
1994,0.4696,0.2188
1995,0.3592,0.2108
1996,0.4832,0.218
1997,0.3392,0.2172
1998,0.49,0.2292
1999,0.3456,0.1976
2000,0.476,0.226
